Tableau des DJU sur la période 1996-2022,,,,,,,,,,,,,,,,,,,,,,,,,,,,,,,
Nom département,Code département,1996,1997,1998,1999,2000,2001,2002,2003,2004,2005,2006,2007,2008,2009,2010,2011,2012,2013,2014,2015,2016,2017,2018,2019,2020,2021,2022,Moyenne,Base 16,Text Base
AIN,1,"2,342","2,152","2,350","2,228","2,007","2,133","1,965","2,270","2,324","2,401","2,187","2,113","2,128","2,181","2,459","1,906","2,205","2,400","1,760","1,998","2,177","2,139","1,924","2,092","1,938","2,359","1,864",2148,1927,-10.00
AISNE,2,"2,741","2,365","2,394","2,266","2,171","2,276","2,140","2,381","2,405","2,318","2,342","2,064","2,263","2,345","2,739","1,970","2,298","2,549","1,923","2,106","2,355","2,194","2,144","2,156","1,947","2,368","1,977",2267,2061,-7.00
ALLIER,3,"2,368","2,098","2,304","2,151","1,966","2,161","1,929","2,269","2,313","2,336","2,161","2,092","2,159","2,215","2,500","1,870","2,234","2,386","1,794","2,017","2,233","2,096","1,886","2,000","1,790","2,247","1,880",2128,1900,-8.00
ALPES-DE-HAUTE-PROVENCE,4,"2,014","1,737","2,030","1,977","1,844","1,798","1,712","1,990","1,987","2,107","1,839","1,712","1,852","1,837","2,215","1,640","1,866","1,956","1,586","1,682","1,777","1,736","1,667","1,728","1,696","1,902","1,613",1833,1569,-8.00
HAUTES-ALPES,5,"2,537","2,224","2,497","2,594","2,411","2,338","2,259","2,387","2,472","2,660","2,280","2,179","2,426","2,432","2,802","2,035","2,362","2,507","2,125","2,149","2,342","2,275","2,180","2,246","2,080","2,434","2,026",2343,2099,-10.00
ALPES-MARITIMES,6,"1,127",984,"1,115","1,104","1,038","1,025",962,"1,106","1,091","1,230",955,860,"1,084","1,050","1,281",933,"1,064","1,147",836,916,910,968,957,947,875,"1,010",897,1017,798,-2.00
ARDECHE,7,"1,915","1,636","1,913","1,827","1,708","1,756","1,595","1,859","1,900","1,987","1,778","1,608","1,804","1,762","2,098","1,521","1,760","1,954","1,463","1,550","1,739","1,642","1,632","1,622","1,565","1,814","1,524",1738,1521,-7.00
ARDENNES,8,"2,943","2,618","2,705","2,497","2,306","2,434","2,328","2,634","2,680","2,566","2,498","2,267","2,512","2,559","2,868","2,204","2,480","2,694","2,140","2,343","2,530","2,336","2,303","2,350","2,155","2,602","2,197",2472,2307,-10.00
ARIEGE,9,"1,978","1,617","1,928","1,992","1,792","1,932","1,715","1,863","2,021","2,112","1,771","1,875","1,895","1,887","2,170","1,638","2,011","2,044","1,625","1,736","1,766","1,854","1,761","1,788","1,598","1,843","1,554",1843,1611,-5.00
AUBE,10,"2,559","2,307","2,383","2,210","2,036","2,183","2,013","2,310","2,382","2,318","2,230","2,068","2,248","2,299","2,645","1,962","2,270","2,434","1,901","2,087","2,329","2,197","2,015","2,086","1,835","2,282","1,933",2204,1982,-10.00
AUDE,11,"1,571","1,297","1,609","1,581","1,417","1,551","1,340","1,572","1,683","1,801","1,468","1,486","1,520","1,562","1,867","1,326","1,615","1,772","1,284","1,349","1,409","1,480","1,411","1,440","1,268","1,474","1,272",1497,1264,-5.00
AVEYRON,12,"2,446","1,978","2,294","2,398","2,272","2,304","2,124","2,364","2,395","2,536","2,187","2,191","2,329","2,286","2,642","1,940","2,352","2,534","2,013","2,076","2,226","2,198","2,159","2,209","1,969","2,276","1,892",2244,2023,-8.00
BOUCHES-DU-RHONE,13,"1,268","1,144","1,456","1,383","1,161","1,274","1,090","1,356","1,426","1,540","1,191","1,225","1,262","1,300","1,560","1,131","1,393","1,479",965,"1,173","1,160","1,263","1,136","1,214","1,116","1,311","1,080",1261,905,-5.00
CALVADOS,14,"2,342","2,028","2,000","1,876","1,924","1,984","1,765","2,068","2,071","2,046","2,063","1,918","2,017","2,111","2,450","1,757","2,095","2,247","1,767","1,829","2,139","1,905","1,940","1,966","1,792","2,097","1,797",2000,1825,-7.00
CANTAL,15,"2,491","2,103","2,417","2,482","2,305","2,388","2,183","2,397","2,545","2,617","2,292","2,298","2,420","2,420","2,738","2,044","2,501","2,661","2,109","2,228","2,369","2,365","2,176","2,334","2,045","2,444","2,025",2348,2185,-8.00
CHARENTE,16,"1,767","1,519","1,774","1,617","1,555","1,691","1,416","1,647","1,796","1,787","1,675","1,531","1,676","1,671","1,983","1,320","1,742","1,848","1,372","1,522","1,645","1,594","1,525","1,472","1,303","1,674","1,370",1611,1373,-5.00
CHARENTE-MARITIME,17,"1,785","1,554","1,760","1,608","1,548","1,674","1,417","1,645","1,783","1,780","1,673","1,540","1,751","1,685","1,995","1,337","1,736","1,808","1,328","1,409","1,469","1,579","1,431","1,452","1,264","1,637","1,350",1593,1336,-5.00
CHER,18,"2,317","2,019","2,231","2,030","1,900","2,057","1,801","2,106","2,162","2,175","2,068","1,883","2,067","2,061","2,383","1,681","2,028","2,246","1,670","1,915","2,205","2,009","1,846","1,823","1,624","2,097","1,708",2004,1756,-7.00
CORREZE,19,"1,945","1,677","1,967","1,890","1,746","1,836","1,639","1,891","2,022","2,062","1,822","1,755","1,863","1,856","2,150","1,567","1,947","2,060","1,524","1,731","1,817","1,817","1,596","1,642","1,428","1,792","1,490",1798,1545,-8.00
CORSE-DU-SUD,2A,"1,172","1,087","1,275","1,248","1,068","1,041","1,061","1,179","1,142","1,361","1,052","1,049","1,075","1,107","1,206","1,006","1,146","1,122",911,"1,001",891,"1,067",876,"1,050",935,"1,065",936,1079,964,-2.00
HAUTE-CORSE,2B,"1,090",977,"1,096","1,083",962,"1,005",945,"1,110","1,118","1,353","1,087","1,014","1,083","1,096","1,259","1,053","1,133","1,125",834,970,901,"1,026",955,"1,016",946,"1,050",971,1046,869,-2.00
COTE-D'OR,21,"2,567","2,297","2,495","2,335","2,140","2,282","2,109","2,382","2,415","2,428","2,365","2,097","2,292","2,322","2,586","1,997","2,285","2,544","1,929","2,145","2,370","2,247","2,052","2,124","1,976","2,369","1,949",2263,2014,-10.00
COTES-D'ARMOR,22,"2,248","1,920","1,975","1,878","1,989","2,002","1,765","1,994","2,030","1,963","1,971","1,838","1,953","2,019","2,256","1,658","1,986","2,086","1,713","1,736","2,005","1,799","1,868","1,843","1,674","1,951","1,676",1918,1723,-4.00
CREUSE,23,"2,492","2,136","2,398","2,371","2,221","2,389","2,109","2,370","2,478","2,509","2,258","2,187","2,354","2,330","2,744","1,962","2,375","2,568","1,986","2,149","2,339","2,260","2,157","2,186","1,917","2,323","1,926",2278,1594,-8.00
DORDOGNE,24,"1,816","1,590","1,895","1,765","1,634","1,744","1,528","1,772","1,907","1,920","1,730","1,682","1,767","1,785","2,072","1,463","1,875","1,956","1,486","1,661","1,732","1,771","1,620","1,654","1,449","1,773","1,510",1724,1500,-5.00
DOUBS,25,"2,567","2,244","2,379","2,313","2,094","2,225","2,068","2,313","2,407","2,456","2,303","2,120","2,263","2,297","2,585","1,967","2,264","2,519","1,861","2,104","2,324","2,245","2,021","2,109","1,892","2,337","1,896",2229,1992,-12.00
DROME,26,"1,764","1,583","1,855","1,740","1,555","1,639","1,478","1,712","1,807","1,872","1,670","1,566","1,645","1,646","1,946","1,443","1,672","1,857","1,335","1,479","1,615","1,575","1,513","1,541","1,438","1,721","1,446",1634,1385,-7.00
EURE,27,"2,588","2,211","2,268","2,128","2,097","2,182","1,993","2,248","2,278","2,213","2,227","1,987","2,183","2,282","2,608","1,867","2,229","2,442","1,909","2,023","2,292","2,052","2,049","2,049","1,834","2,236","1,879",2161,1957,-7.00
EURE-ET-LOIR,28,"2,519","2,177","2,267","2,093","2,051","2,143","1,953","2,244","2,251","2,202","2,195","1,950","2,175","2,249","2,563","1,827","2,152","2,368","1,842","1,969","2,243","2,035","1,991","2,016","1,769","2,209","1,852",2122,1897,-7.00
FINISTERE,29,"2,051","1,712","1,831","1,732","1,881","1,895","1,666","1,832","1,923","1,854","1,848","1,696","1,865","1,884","2,181","1,559","1,829","1,944","1,637","1,609","1,845","1,736","1,826","1,747","1,605","1,862","1,591",1801,1633,-4.00
GARD,30,"1,472","1,235","1,541","1,417","1,260","1,356","1,191","1,482","1,526","1,587","1,333","1,262","1,401","1,385","1,705","1,188","1,390","1,547","1,071","1,182","1,253","1,263","1,241","1,203","1,148","1,365","1,173",1340,1103,-5.00
HAUTE-GARONNE,31,"1,671","1,404","1,717","1,687","1,527","1,654","1,406","1,613","1,809","1,876","1,564","1,644","1,617","1,631","1,904","1,319","1,678","1,781","1,313","1,422","1,470","1,564","1,472","1,467","1,279","1,554","1,318",1569,1310,-5.00
GERS,32,"1,768","1,557","1,824","1,771","1,641","1,761","1,536","1,730","1,880","1,970","1,723","1,770","1,767","1,761","2,019","1,421","1,831","1,847","1,443","1,573","1,596","1,713","1,565","1,594","1,432","1,684","1,403",1688,1428,-5.00
GIRONDE,33,"1,583","1,331","1,603","1,497","1,426","1,572","1,273","1,513","1,681","1,720","1,555","1,496","1,539","1,543","1,844","1,220","1,632","1,695","1,228","1,373","1,474","1,491","1,415","1,357","1,200","1,510","1,231",1482,1243,-5.00
HERAULT,34,"1,345","1,181","1,495","1,343","1,233","1,307","1,134","1,451","1,461","1,589","1,305","1,248","1,336","1,311","1,608","1,153","1,368","1,456","1,003","1,145","1,201","1,248","1,192","1,234","1,153","1,336","1,159",1296,1060,-5.00
ILLE-ET-VILAINE,35,"2,101","1,733","1,914","1,695","1,782","1,821","1,546","1,810","1,917","1,921","1,892","1,728","1,903","1,959","2,250","1,528","1,900","2,059","1,624","1,677","1,979","1,803","1,760","1,787","1,524","1,933","1,562",1819,1624,-5.00
INDRE,36,"2,257","2,004","2,176","1,994","1,866","2,040","1,772","2,099","2,139","2,136","2,033","1,870","2,028","2,071","2,461","1,768","2,147","2,269","1,730","1,910","2,182","2,036","1,883","1,873","1,662","2,148","1,781",2012,1803,-7.00
INDRE-ET-LOIRE,37,"2,293","1,993","2,114","1,944","1,882","1,996","1,773","2,084","2,120","2,075","2,021","1,819","1,998","2,027","2,345","1,588","1,982","2,136","1,646","1,757","2,055","1,871","1,805","1,790","1,576","2,011","1,641",1939,1677,-7.00
ISERE,38,"2,376","2,093","2,316","2,263","2,017","2,181","2,133","2,396","2,476","2,575","2,285","2,207","2,282","2,328","2,664","2,066","2,382","2,542","1,971","2,190","2,336","2,330","2,072","2,197","1,997","2,415","2,000",2263,2065,-10.00
JURA,39,"2,394","2,138","2,309","2,197","1,945","2,139","1,935","2,211","2,313","2,343","2,181","2,076","2,154","2,193","2,484","1,928","2,193","2,469","1,735","1,993","2,295","2,148","1,953","1,990","1,734","2,248","1,822",2130,1901,-10.00
LANDES,40,"1,702","1,426","1,716","1,662","1,545","1,667","1,394","1,642","1,798","1,837","1,619","1,656","1,659","1,623","1,935","1,356","1,728","1,739","1,337","1,485","1,525","1,610","1,511","1,485","1,312","1,595","1,318",1588,1162,-5.00
LOIR-ET-CHER,41,"2,362","2,096","2,284","2,065","1,955","2,105","1,895","2,198","2,253","2,229","2,131","1,989","2,181","2,195","2,468","1,825","2,166","2,284","1,788","1,991","2,227","2,116","1,942","1,988","1,744","2,200","1,797",2092,1824,-7.00
LOIRE,42,"2,311","2,025","2,292","2,149","1,977","2,132","1,913","2,168","2,297","2,336","2,102","2,051","2,154","2,177","2,499","1,879","2,212","2,385","1,783","2,020","2,166","2,207","1,982","2,100","1,882","2,295","1,925",2126,1928,-10.00
HAUTE-LOIRE,43,"2,956","2,621","2,906","2,818","2,715","2,802","2,614","2,885","2,925","3,065","2,693","2,649","2,773","2,776","3,143","2,405","2,804","2,957","2,418","2,584","2,701","2,710","2,534","2,643","2,406","2,813","2,377",2729,2562,-8.00
LOIRE-ATLANTIQUE,44,"2,047","1,712","1,886","1,720","1,749","1,829","1,564","1,832","1,909","1,887","1,869","1,644","1,803","1,857","2,166","1,423","1,817","1,952","1,502","1,581","1,839","1,682","1,668","1,667","1,448","1,852","1,473",1755,1513,-5.00
LOIRET,45,"2,421","2,091","2,211","2,053","1,971","2,131","1,925","2,236","2,270","2,238","2,179","1,975","2,189","2,209","2,549","1,777","2,155","2,320","1,774","1,929","2,238","2,049","1,963","1,989","1,752","2,229","1,822",2098,1884,-7.00
LOT,46,"1,824","1,562","1,881","1,888","1,701","1,857","1,577","1,825","2,026","2,053","1,784","1,765","1,843","1,849","2,175","1,482","1,929","2,082","1,543","1,697","1,805","1,840","1,697","1,726","1,472","1,835","1,515",1786,1571,-7.00
LOT-ET-GARONNE,47,"1,689","1,489","1,786","1,702","1,531","1,650","1,430","1,626","1,805","1,839","1,636","1,677","1,679","1,666","2,000","1,356","1,771","1,838","1,359","1,543","1,580","1,644","1,509","1,547","1,382","1,674","1,379",1622,1385,-5.00
LOZERE,48,"2,848","2,396","2,730","2,809","2,689","2,707","2,547","2,780","2,818","2,914","2,501","2,502","2,731","2,669","3,088","2,249","2,698","2,878","2,384","2,419","2,591","2,545","2,486","2,583","2,312","2,652","2,207",2620,2432,-8.00
MAINE-ET-LOIRE,49,"2,118","1,812","1,945","1,755","1,762","1,859","1,624","1,921","1,961","1,940","1,911","1,693","1,869","1,926","2,210","1,485","1,887","2,039","1,557","1,632","1,933","1,755","1,707","1,722","1,479","1,911","1,533",1813,1655,-7.00
MANCHE,50,"2,358","2,033","2,021","1,950","2,047","2,044","1,845","2,063","2,057","2,038","2,047","1,842","1,927","1,990","2,247","1,706","1,962","2,107","1,686","1,745","1,999","1,851","1,869","1,855","1,705","1,945","1,694",1949,1483,-4.00
MARNE,51,"2,711","2,381","2,435","2,269","2,133","2,228","2,098","2,387","2,421","2,345","2,310","2,041","2,256","2,314","2,712","1,989","2,305","2,540","1,936","2,141","2,409","2,267","2,124","2,009","1,912","2,320","1,953",2257,1520,-10.00
HAUTE-MARNE,52,"2,959","2,583","2,659","2,604","2,380","2,537","2,353","2,613","2,684","2,669","2,601","2,335","2,559","2,585","2,922","2,203","2,580","2,843","2,144","2,361","2,621","2,488","2,325","2,371","2,137","2,598","2,155",2513,1922,-12.00
MAYENNE,53,"2,404","2,074","2,192","1,970","2,041","2,049","1,828","2,109","2,147","2,139","2,131","1,907","2,061","2,066","2,375","1,690","2,064","2,211","1,747","1,848","2,127","1,929","1,854","1,912","1,672","2,124","1,731",2015,1501,-7.00
MEURTHE-ET-MOSELLE,54,"2,776","2,489","2,505","2,375","2,110","2,299","2,206","2,497","2,512","2,433","2,377","2,184","2,364","2,394","2,719","2,090","2,371","2,584","1,965","2,195","2,445","2,316","2,146","2,209","2,020","2,428","2,036",2335,2099,-15.00
MEUSE,55,"2,928","2,545","2,596","2,476","2,306","2,439","2,328","2,552","2,626","2,572","2,490","2,252","2,395","2,451","2,791","2,146","2,389","2,620","2,035","2,270","2,498","2,371","2,211","2,277","2,052","2,500","2,098",2415,2018,-12.00
MORBIHAN,56,"2,056","1,685","1,836","1,617","1,784","1,812","1,592","1,784","1,829","1,837","1,821","1,604","1,835","1,877","2,168","1,519","1,805","1,934","1,606","1,595","1,835","1,711","1,712","1,713","1,515","1,845","1,586",1760,1507,-4.00
MOSELLE,57,"2,760","2,433","2,469","2,325","2,119","2,259","2,162","2,398","2,470","2,377","2,361","2,126","2,335","2,389","2,708","2,054","2,340","2,580","1,994","2,228","2,454","2,311","2,160","2,222","2,034","2,413","2,015",2315,2098,-15.00
NIEVRE,58,"2,465","2,174","2,381","2,177","2,034","2,182","1,945","2,297","2,334","2,332","2,200","2,065","2,211","2,243","2,543","1,903","2,229","2,380","1,842","2,070","2,290","2,147","1,954","2,033","1,774","2,278","1,901",2162,1937,-10.00
NORD,59,"2,655","2,256","2,214","2,112","2,040","2,162","2,016","2,250","2,237","2,154","2,186","1,931","2,129","2,226","2,649","1,873","2,231","2,467","1,815","2,001","2,227","2,054","2,050","2,018","1,842","2,243","1,860",2144,1936,-9.00
OISE,60,"2,633","2,266","2,270","2,121","2,084","2,194","1,992","2,272","2,294","2,306","2,290","2,082","2,276","2,338","2,712","1,970","2,303","2,506","1,966","2,096","2,362","2,166","2,122","2,141","1,931","2,343","1,999",2224,2053,-7.00
ORNE,61,"2,461","2,135","2,215","2,042","2,050","2,097","1,896","2,164","2,244","2,179","2,190","1,938","2,146","2,253","2,552","1,823","2,185","2,368","1,878","1,946","2,252","2,028","2,011","2,021","1,779","2,217","1,837",2108,1914,-7.00
PAS-DE-CALAIS,62,"2,550","2,216","2,113","1,967","1,984","2,096","1,941","2,158","2,140","2,077","2,125","1,894","2,045","2,160","2,535","1,806","2,187","2,346","1,756","1,895","2,131","1,967","1,990","1,960","1,797","2,155","1,802",2066,1870,-9.00
PUY-DE-DOME,63,"2,241","1,943","2,174","2,059","1,886","2,095","1,807","2,137","2,222","2,245","2,070","1,965","2,084","2,089","2,433","1,755","2,152","2,323","1,692","1,879","2,124","2,008","1,810","1,851","1,646","2,086","1,709",2018,1784,-8.00
PYRENEES-ATLANTIQUES,64,"1,629","1,301","1,623","1,648","1,499","1,647","1,386","1,588","1,754","1,846","1,537","1,650","1,627","1,624","1,856","1,335","1,697","1,747","1,340","1,447","1,508","1,556","1,529","1,470","1,277","1,528","1,290",1553,1068,-5.00
HAUTES-PYRENEES,65,"1,856","1,488","1,790","1,883","1,776","1,891","1,684","1,860","1,982","2,078","1,744","1,862","1,821","1,837","2,107","1,545","1,906","1,974","1,581","1,684","1,769","1,779","1,759","1,747","1,501","1,763","1,494",1784,1551,-5.00
PYRENEES-ORIENTALES,66,"1,218","1,010","1,268","1,206","1,086","1,176","1,051","1,269","1,291","1,464","1,177","1,071","1,130","1,201","1,498",987,"1,206","1,339",924,"1,047","1,043","1,067","1,048","1,044","1,018","1,099",960,1144,920,-5.00
BAS-RHIN,67,"2,756","2,470","2,406","2,326","2,026","2,229","2,140","2,447","2,381","2,417","2,337","2,084","2,248","2,318","2,653","2,074","2,287","2,486","1,847","2,086","2,337","2,215","2,063","2,097","1,952","2,369","1,916",2258,2001,-15.00
HAUT-RHIN,68,"2,714","2,444","2,428","2,432","2,111","2,323","2,198","2,549","2,501","2,494","2,458","2,173","2,358","2,380","2,709","2,118","2,398","2,559","1,946","2,163","2,434","2,310","2,126","2,225","2,028","2,452","1,999",2334,2101,-15.00
RHONE,69,"2,156","1,903","2,124","1,982","1,779","1,909","1,735","2,009","2,077","2,133","1,945","1,851","1,931","1,917","2,206","1,679","1,953","2,187","1,551","1,781","1,958","1,896","1,704","1,734","1,587","1,962","1,683",1901,1644,-10.00
HAUTE-SAONE,70,"2,688","2,481","2,550","2,474","2,200","2,383","2,214","2,519","2,571","2,536","2,471","2,268","2,430","2,461","2,737","2,126","2,419","2,614","2,014","2,284","2,483","2,437","2,160","2,272","2,061","2,555","2,099",2389,2166,-12.00
SAONE-ET-LOIRE,71,"2,333","2,088","2,281","2,150","1,938","2,081","1,922","2,187","2,207","2,270","2,138","1,961","2,087","2,119","2,371","1,788","2,071","2,340","1,723","1,912","2,154","2,031","1,841","1,900","1,757","2,132","1,748",2057,1792,-10.00
SARTHE,72,"2,247","1,917","2,032","1,852","1,839","1,915","1,697","1,983","2,019","1,976","1,963","1,742","1,923","2,005","2,286","1,544","1,966","2,131","1,619","1,698","2,007","1,808","1,752","1,783","1,520","1,980","1,604",1882,1642,-7.00
SAVOIE,73,"2,565","2,333","2,670","2,746","2,503","2,511","2,409","2,536","2,621","2,848","2,486","2,385","2,510","2,513","2,787","2,181","2,597","2,714","2,140","2,302","2,430","2,432","2,302","2,409","2,154","2,554","2,131",2473,1897,-10.00
HAUTE-SAVOIE,74,"2,565","2,323","2,490","2,469","2,270","2,291","2,257","2,505","2,455","2,618","2,330","2,230","2,368","2,371","2,688","2,105","2,416","2,621","2,028","2,242","2,401","2,355","2,153","2,287","2,097","2,431","1,989",2347,,-10.00
PARIS,75,"2,228","1,864","1,965","1,803","1,765","1,863","1,661","1,941","1,948","1,925","1,915","1,652","1,891","1,917","2,235","1,515","1,854","2,102","1,517","1,652","1,923","1,739","1,734","1,706","1,507","1,887","1,550",1824,1575,-7.00
SEINE-MARITIME,76,"2,629","2,248","2,281","2,138","2,144","2,220","2,028","2,277","2,290","2,240","2,258","1,990","2,189","2,265","2,617","1,897","2,245","2,452","1,880","2,001","2,282","2,071","2,076","2,065","1,863","2,262","1,963",2180,1979,-7.00
SEINE-ET-MARNE,77,"2,527","2,186","2,249","2,078","1,997","2,094","1,916","2,219","2,232","2,195","2,144","1,922","2,141","2,196","2,488","1,801","2,130","2,351","1,778","1,947","2,223","2,056","1,946","1,962","1,732","2,164","1,816",2092,1856,-7.00
YVELINES,78,"2,514","2,138","2,207","2,066","2,021","2,104","1,920","2,191","2,214","2,163","2,155","1,892","2,119","2,204","2,549","1,796","2,160","2,392","1,831","1,977","2,240","2,037","2,017","2,022","1,780","2,197","1,837",2102,1865,-7.00
DEUX-SEVRES,79,"2,019","1,751","1,985","1,794","1,744","1,872","1,602","1,844","1,975","1,944","1,867","1,673","1,872","1,869","2,196","1,461","1,902","2,002","1,555","1,680","1,836","1,766","1,680","1,654","1,456","1,859","1,516",1792,1547,-7.00
SOMME,80,"2,658","2,253","2,187","2,090","2,066","2,181","2,004","2,245","2,216","2,172","2,202","1,947","2,126","2,237","2,644","1,844","2,236","2,430","1,821","1,936","2,200","2,004","2,036","1,977","1,832","2,192","1,898",2135,1928,-9.00
TARN,81,"1,756","1,478","1,774","1,780","1,602","1,738","1,524","1,735","1,889","1,959","1,667","1,750","1,723","1,724","2,032","1,442","1,833","1,940","1,462","1,627","1,634","1,746","1,597","1,656","1,430","1,733","1,462",1692,1464,-5.00
TARN-ET-GARONNE,82,"1,716","1,456","1,790","1,722","1,567","1,684","1,486","1,677","1,853","1,897","1,635","1,691","1,684","1,688","1,976","1,384","1,764","1,855","1,391","1,557","1,560","1,672","1,523","1,553","1,408","1,702","1,433",1642,1401,-5.00
VAR,83,"1,390","1,272","1,514","1,461","1,331","1,266","1,204","1,490","1,467","1,577","1,343","1,283","1,353","1,407","1,615","1,230","1,380","1,407","1,105","1,212","1,210","1,282","1,158","1,236","1,215","1,318","1,178",1330,889,-2.00
VAUCLUSE,84,"1,600","1,453","1,764","1,641","1,459","1,567","1,389","1,650","1,729","1,814","1,558","1,544","1,563","1,587","1,872","1,384","1,619","1,761","1,243","1,405","1,520","1,525","1,401","1,441","1,365","1,660","1,387",1552,1285,-7.00
VENDEE,85,"2,096","1,770","1,953","1,795","1,789","1,888","1,622","1,867","1,984","1,948","1,888","1,713","1,876","1,911","2,237","1,496","1,916","2,025","1,593","1,677","1,868","1,779","1,730","1,739","1,509","1,948","1,572",1822,1593,-5.00
VIENNE,86,"2,229","1,941","2,160","1,975","1,895","2,047","1,746","2,041","2,137","2,099","2,025","1,851","2,006","2,038","2,369","1,596","2,033","2,158","1,662","1,784","2,015","1,891","1,794","1,800","1,590","2,027","1,645",1946,1693,-7.00
HAUTE-VIENNE,87,"2,229","1,844","2,138","2,135","2,023","2,174","1,900","2,116","2,244","2,269","2,053","1,946","2,119","2,114","2,503","1,715","2,144","2,346","1,802","1,906","2,076","2,008","1,938","1,952","1,708","2,075","1,705",2044,1831,-8.00
VOSGES,88,"2,873","2,581","2,609","2,535","2,249","2,462","2,339","2,623","2,675","2,620","2,546","2,361","2,525","2,534","2,829","2,244","2,529","2,679","2,068","2,331","2,565","2,514","2,286","2,343","2,111","2,604","2,156",2474,2255,-15.00
YONNE,89,"2,541","2,219","2,346","2,167","2,048","2,175","1,951","2,269","2,362","2,317","2,244","2,054","2,241","2,286","2,631","1,927","2,238","2,458","1,866","2,078","2,338","2,200","2,039","2,069","1,803","2,275","1,889",2186,1694,-10.00
TERRITOIRE DE BELFORT,90,"2,755","2,480","2,538","2,466","2,264","2,381","2,262","2,544","2,607","2,602","2,443","2,201","2,337","2,390","2,740","2,127","2,409","2,615","1,996","2,244","2,457","2,404","2,148","2,284","2,060","2,503","2,050",2382,,-15.00
ESSONNE,91,"2,377","2,040","2,156","2,000","1,916","1,997","1,808","2,104","2,125","2,069","2,062","1,837","2,065","2,119","2,444","1,723","2,049","2,294","1,715","1,876","2,151","1,956","1,893","1,871","1,618","2,036","1,698",2000,1769,-7.00
HAUTS-DE-SEINE,92,"2,233","1,880","1,972","1,805","1,753","1,857","1,628","1,929","1,955","1,918","1,921","1,668","1,904","1,940","2,277","1,575","1,905","2,145","1,540","1,700","1,993","1,793","1,774","1,750","1,546","1,944","1,596",1848,1575,-7.00
SEINE-SAINT-DENIS,93,"2,419","2,033","2,100","1,926","1,869","1,994","1,799","2,086","2,079","2,026","2,023","1,793","2,008","2,069","2,418","1,678","2,013","2,264","1,673","1,829","2,112","1,899","1,870","1,853","1,633","2,060","1,705",1972,1890,-7.00
VAL-DE-MARNE,94,"2,233","1,880","1,972","1,805","1,753","1,857","1,628","1,929","1,955","1,918","1,921","1,668","1,904","1,940","2,277","1,575","1,905","2,145","1,540","1,700","1,993","1,793","1,774","1,750","1,546","1,944","1,596",1848,1575,-7.00
VAL-D'OISE,95,"2,456","2,076","2,142","1,987","1,911","2,041","1,818","2,113","2,143","2,086","2,075","1,828","2,042","2,090","2,458","1,693","2,044","2,298","1,679","1,834","2,126","1,919","1,894","1,881","1,679","2,090","1,732",2005,1768,-7.00
Source : Calcul SDES d'après les données INSEE et Météo France,,,,,,,,,,,,,,,,,,,,,,,,,,,,,,,