PARC 1,,,,,,,,PARC 1+2,,,,,,,,,,,,
, REFERENCE , PROJET BIOMASSE subvention ademe region , PROJET BIOMASSE subventions 70 % ,,,,,, REFERENCE , PROJET BIOMASSE ,,,,,,,,,,
annuités d'emprunt à la charge du MO," 2,607.93 € ",#REF!,#REF!,,,,,annuités d'emprunt à la charge du MO,#REF!,#REF!,,,,,,,,,,
Investissement subventionné, -   € ,#REF!,#REF!,,,,,Investissement subventionné, -   € ,#REF!,,,,,,,,,,
Entretien, 750.00 € ," 1,200.00 € "," 1,200.00 € ",,,,,Entretien,#REF!,#REF!,,,,,,,,,,
Combustible fossile,#REF!,#REF!,#REF!,,,,,Combustible fossile,#REF!,#REF!,,,,,,,,,,
Combustible bois, -   € ,#REF!,#REF!,,,,,Combustible bois, -   € ,#REF!,,,,,,,,,,
Coût global annuel,#REF!,#REF!,#REF!,,,,,Coût global annuel,#REF!,#REF!,,,,,,,,,,
,subvention ademe region,subventions 70 %,,,,,,,,,,,,,,,,,,
Investissement,#REF!,#REF!,,,,,,,,,,,,,,,,,,
Gains,#REF!,#REF!,,,,,,,,,,,,,,,,,,